[
    {
        "no":0,
        "desc":"Transfer",
        "somme":600000,
        "date-transac":"2023/08/29",
        "partenaire":"Hammid",
        "bilan":"negatif"
    },

    {
        "no":1,
        "desc":"Transfer",
        "somme":78000,
        "date-transac":"2019/07/02",
        "partenaire":"Hammid",
        "bilan":"positif"
    },

    {
        "no":2,
        "desc":"Transfer",
        "somme":3500,
        "date-transac":"2018/02/25",
        "partenaire":"Hammid",
        "bilan":"negatif"
    }
]